ewma_alpha,k_sigma,guard_ratio,sigma_floor,warmup_jobs,frozen,alarm_consec,fp_rate,alarms,jobs,triggers,thr_over_d,feasible
0.02,2.0,0.8,0.0,100,True,3,0.0,0,208500,0,0.23189052922613973,True
0.02,2.0,0.8,0.005,100,True,3,0.0,0,208500,0,0.23189052922613973,True
0.02,2.0,0.8,0.01,100,True,3,0.0,0,208500,0,0.23390760146706202,True
0.02,2.0,0.8,0.02,100,True,3,0.0,0,208500,0,0.2384940250252397,True
0.02,2.0,0.8,0.05,100,True,3,0.0,0,208500,0,0.2522532956997728,True
0.02,2.0,0.8,0.1,100,True,3,0.0,0,208500,0,0.27518541349066117,True
0.02,3.0,0.8,0.0,100,True,3,0.0,0,208500,0,0.23319015304345514,True
0.02,3.0,0.8,0.005,100,True,3,0.0,0,208500,0,0.23319015304345514,True
0.02,3.0,0.8,0.01,100,True,3,0.0,0,208500,0,0.23620081324615086,True
0.02,3.0,0.8,0.02,100,True,3,0.0,0,208500,0,0.2430804485834174,True
0.02,3.0,0.8,0.05,100,True,3,0.0,0,208500,0,0.263719354595217,True
0.02,3.0,0.8,0.1,100,True,3,0.0,0,208500,0,0.2981175312815496,True
0.02,4.0,0.8,0.0,100,True,3,0.0,0,208500,0,0.23448977686077058,True
0.02,4.0,0.8,0.005,100,True,3,0.0,0,208500,0,0.23448977686077058,True
0.02,4.0,0.8,0.01,100,True,3,0.0,0,208500,0,0.2384940250252397,True
0.02,4.0,0.8,0.02,100,True,3,0.0,0,208500,0,0.24766687214159508,True
0.02,4.0,0.8,0.05,100,True,3,0.0,0,208500,0,0.27518541349066117,True
0.02,4.0,0.8,0.1,100,True,3,0.0,0,208500,0,0.32104964907243805,True
0.02,5.0,0.8,0.0,100,True,3,0.0,0,208500,0,0.23627855608050263,True
0.02,5.0,0.8,0.005,100,True,3,0.0,0,208500,0,0.23627855608050263,True
0.02,5.0,0.8,0.01,100,True,3,0.0,0,208500,0,0.24078723680432854,True
0.02,5.0,0.8,0.02,100,True,3,0.0,0,208500,0,0.2522532956997728,True
0.02,5.0,0.8,0.05,100,True,3,0.0,0,208500,0,0.28665147238610544,True
0.02,5.0,0.8,0.1,100,True,3,0.0,0,208500,0,0.34398176686332654,True
0.02,6.0,0.8,0.0,100,True,3,0.0,0,208500,0,0.238631609520644,True
0.02,6.0,0.8,0.005,100,True,3,0.0,0,208500,0,0.238631609520644,True
0.02,6.0,0.8,0.01,100,True,3,0.0,0,208500,0,0.2430804485834174,True
0.02,6.0,0.8,0.02,100,True,3,0.0,0,208500,0,0.25683971925795046,True
0.02,6.0,0.8,0.05,100,True,3,0.0,0,208500,0,0.2981175312815496,True
0.02,6.0,0.8,0.1,100,True,3,0.0,0,208500,0,0.36691388465421493,True
0.02,8.0,0.8,0.0,100,True,3,0.0,0,208500,0,0.2433487245654839,True
0.02,8.0,0.8,0.005,100,True,3,0.0,0,208500,0,0.2433487245654839,True
0.02,8.0,0.8,0.01,100,True,3,0.0,0,208500,0,0.24766687214159508,True
0.02,8.0,0.8,0.02,100,True,3,0.0,0,208500,0,0.2660125663743058,True
0.02,8.0,0.8,0.05,100,True,3,0.0,0,208500,0,0.32104964907243805,True
0.02,8.0,0.8,0.1,100,True,3,0.0,0,208500,0,0.4127781202359918,True
0.02,10.0,0.8,0.0,100,True,3,0.0,0,208500,0,0.24806583961032377,True
0.02,10.0,0.8,0.005,100,True,3,0.0,0,208500,0,0.24806583961032377,True
0.02,10.0,0.8,0.01,100,True,3,0.0,0,208500,0,0.2522532956997728,True
0.02,10.0,0.8,0.02,100,True,3,0.0,0,208500,0,0.27518541349066117,True
0.02,10.0,0.8,0.05,100,True,3,0.0,0,208500,0,0.34398176686332654,True
0.02,10.0,0.8,0.1,100,True,3,0.0,0,208500,0,0.45864235581776874,True
0.02,2.0,0.8,0.0,200,True,3,6.763285024154589e-05,14,207000,0,0.23007870631642685,True
0.02,2.0,0.8,0.005,200,True,3,5.797101449275362e-05,12,207000,0,0.23120308953219523,True
0.02,2.0,0.8,0.01,200,True,3,3.864734299516908e-05,8,207000,0,0.23349222903251401,True
0.02,2.0,0.8,0.02,200,True,3,9.66183574879227e-06,2,207000,0,0.23807050803315152,True
0.02,2.0,0.8,0.05,200,True,3,0.0,0,207000,0,0.25180534503506413,True
0.02,2.0,0.8,0.1,200,True,3,0.0,0,207000,0,0.2746967400382518,True
0.02,3.0,0.8,0.0,200,True,3,4.830917874396135e-06,1,207000,0,0.2306804691001555,True
0.02,3.0,0.8,0.005,200,True,3,4.830917874396135e-06,1,207000,0,0.23234765928235465,True
0.02,3.0,0.8,0.01,200,True,3,0.0,0,207000,0,0.23578136853283277,True
0.02,3.0,0.8,0.02,200,True,3,0.0,0,207000,0,0.24264878703378906,True
0.02,3.0,0.8,0.05,200,True,3,0.0,0,207000,0,0.26325104253665793,True
0.02,3.0,0.8,0.1,200,True,3,0.0,0,207000,0,0.29758813504143944,True
0.02,4.0,0.8,0.0,200,True,3,0.0,0,207000,0,0.23128223188388408,True
0.02,4.0,0.8,0.005,200,True,3,0.0,0,207000,0,0.23349222903251401,True
0.02,4.0,0.8,0.01,200,True,3,0.0,0,207000,0,0.23807050803315152,True
0.02,4.0,0.8,0.02,200,True,3,0.0,0,207000,0,0.2472270660344266,True
0.02,4.0,0.8,0.05,200,True,3,0.0,0,207000,0,0.2746967400382518,True
0.02,4.0,0.8,0.1,200,True,3,0.0,0,207000,0,0.3204795300446271,True
0.02,5.0,0.8,0.0,200,True,3,0.0,0,207000,0,0.23188399466761273,True
0.02,5.0,0.8,0.005,200,True,3,0.0,0,207000,0,0.2346367987826734,True
0.02,5.0,0.8,0.01,200,True,3,0.0,0,207000,0,0.2403596475334703,True
0.02,5.0,0.8,0.02,200,True,3,0.0,0,207000,0,0.25180534503506413,True
0.02,5.0,0.8,0.05,200,True,3,0.0,0,207000,0,0.2861424375398456,True
0.02,5.0,0.8,0.1,200,True,3,0.0,0,207000,0,0.34337092504781475,True
0.02,6.0,0.8,0.0,200,True,3,0.0,0,207000,0,0.2324857574513413,True
0.02,6.0,0.8,0.005,200,True,3,0.0,0,207000,0,0.23578136853283277,True
0.02,6.0,0.8,0.01,200,True,3,0.0,0,207000,0,0.24264878703378906,True
0.02,6.0,0.8,0.02,200,True,3,0.0,0,207000,0,0.25638362403570164,True
0.02,6.0,0.8,0.05,200,True,3,0.0,0,207000,0,0.29758813504143944,True
0.02,6.0,0.8,0.1,200,True,3,0.0,0,207000,0,0.3662623200510024,True
0.02,8.0,0.8,0.0,200,True,3,0.0,0,207000,0,0.23444713496552436,True
0.02,8.0,0.8,0.005,200,True,3,0.0,0,207000,0,0.23807050803315152,True
0.02,8.0,0.8,0.01,200,True,3,0.0,0,207000,0,0.2472270660344266,True
0.02,8.0,0.8,0.02,200,True,3,0.0,0,207000,0,0.2655401820369767,True
0.02,8.0,0.8,0.05,200,True,3,0.0,0,207000,0,0.3204795300446271,True
0.02,8.0,0.8,0.1,200,True,3,0.0,0,207000,0,0.41204511005737765,True
0.02,10.0,0.8,0.0,200,True,3,0.0,0,207000,0,0.2370903377214391,True
0.02,10.0,0.8,0.005,200,True,3,0.0,0,207000,0,0.2403596475334703,True
0.02,10.0,0.8,0.01,200,True,3,0.0,0,207000,0,0.25180534503506413,True
0.02,10.0,0.8,0.02,200,True,3,0.0,0,207000,0,0.2746967400382518,True
0.02,10.0,0.8,0.05,200,True,3,0.0,0,207000,0,0.34337092504781475,True
0.02,10.0,0.8,0.1,200,True,3,0.0,0,207000,0,0.45782790006375296,True
0.02,2.0,0.8,0.0,500,True,3,0.04765432098765432,9650,202500,4351,0.22954636874131748,False
0.02,2.0,0.8,0.005,500,True,3,0.047298765432098766,9578,202500,4351,0.23115976427531032,False
0.02,2.0,0.8,0.01,500,True,3,0.047204938271604935,9559,202500,4335,0.23344847481268965,False
0.02,2.0,0.8,0.02,500,True,3,3.950617283950617e-05,8,202500,0,0.23802589588744824,True
0.02,2.0,0.8,0.05,500,True,3,0.0,0,202500,0,0.2517581591117241,True
0.02,2.0,0.8,0.1,500,True,3,0.0,0,202500,0,0.27464526448551724,True
0.02,3.0,0.8,0.0,500,True,3,0.012232098765432098,2477,202500,206,0.2299191406072241,False
0.02,3.0,0.8,0.005,500,True,3,0.012128395061728395,2456,202500,206,0.232304119544,False
0.02,3.0,0.8,0.01,500,True,3,0.011925925925925927,2415,202500,187,0.23573718535006893,False
0.02,3.0,0.8,0.02,500,True,3,0.0,0,202500,0,0.24260331696220688,True
0.02,3.0,0.8,0.05,500,True,3,0.0,0,202500,0,0.2632017117986206,True
0.02,3.0,0.8,0.1,500,True,3,0.0,0,202500,0,0.2975323698593103,True
0.02,4.0,0.8,0.0,500,True,3,2.962962962962963e-05,6,202500,0,0.23029191247313072,True
0.02,4.0,0.8,0.005,500,True,3,2.4691358024691357e-05,5,202500,0,0.23344847481268965,True
0.02,4.0,0.8,0.01,500,True,3,1.9753086419753087e-05,4,202500,0,0.23802589588744824,True
0.02,4.0,0.8,0.02,500,True,3,0.0,0,202500,0,0.2471807380369655,True
0.02,4.0,0.8,0.05,500,True,3,0.0,0,202500,0,0.27464526448551724,True
0.02,4.0,0.8,0.1,500,True,3,0.0,0,202500,0,0.32041947523310343,True
0.02,5.0,0.8,0.0,500,True,3,9.876543209876543e-06,2,202500,0,0.23066468433903733,True
0.02,5.0,0.8,0.005,500,True,3,9.876543209876543e-06,2,202500,0,0.23459283008137927,True
0.02,5.0,0.8,0.01,500,True,3,9.876543209876543e-06,2,202500,0,0.24031460642482758,True
0.02,5.0,0.8,0.02,500,True,3,0.0,0,202500,0,0.2517581591117241,True
0.02,5.0,0.8,0.05,500,True,3,0.0,0,202500,0,0.28608881717241375,True
0.02,5.0,0.8,0.1,500,True,3,0.0,0,202500,0,0.34330658060689656,True
0.02,6.0,0.8,0.0,500,True,3,0.0,0,202500,0,0.23103745620494395,True
0.02,6.0,0.8,0.005,500,True,3,0.0,0,202500,0,0.23573718535006893,True
0.02,6.0,0.8,0.01,500,True,3,0.0,0,202500,0,0.24260331696220688,True
0.02,6.0,0.8,0.02,500,True,3,0.0,0,202500,0,0.2563355801864827,True
0.02,6.0,0.8,0.05,500,True,3,0.0,0,202500,0,0.2975323698593103,True
0.02,6.0,0.8,0.1,500,True,3,0.0,0,202500,0,0.3661936859806896,True
0.02,8.0,0.8,0.0,500,True,3,0.0,0,202500,0,0.23214243074601534,True
0.02,8.0,0.8,0.005,500,True,3,0.0,0,202500,0,0.23802589588744824,True
0.02,8.0,0.8,0.01,500,True,3,0.0,0,202500,0,0.2471807380369655,True
0.02,8.0,0.8,0.02,500,True,3,0.0,0,202500,0,0.26549042233599995,True
0.02,8.0,0.8,0.05,500,True,3,0.0,0,202500,0,0.32041947523310343,True
0.02,8.0,0.8,0.1,500,True,3,0.0,0,202500,0,0.41196789672827583,True
0.02,10.0,0.8,0.0,500,True,3,0.0,0,202500,0,0.23424007878607048,True
0.02,10.0,0.8,0.005,500,True,3,0.0,0,202500,0,0.24031460642482758,True
0.02,10.0,0.8,0.01,500,True,3,0.0,0,202500,0,0.2517581591117241,True
0.02,10.0,0.8,0.02,500,True,3,0.0,0,202500,0,0.27464526448551724,True
0.02,10.0,0.8,0.05,500,True,3,0.0,0,202500,0,0.34330658060689656,True
0.02,10.0,0.8,0.1,500,True,3,0.0,0,202500,0,0.457742107475862,True
0.05,2.0,0.8,0.0,100,True,3,0.04116546762589928,8583,208500,3363,0.22970224309068027,False
0.05,2.0,0.8,0.005,100,True,3,0.04097362110311751,8543,208500,3363,0.2311426234377378,False
0.05,2.0,0.8,0.01,100,True,3,0.04095443645083933,8539,208500,3363,0.23343116426385405,False
0.05,2.0,0.8,0.02,100,True,3,0.00010071942446043166,21,208500,0,0.23800824591608646,False
0.05,2.0,0.8,0.05,100,True,3,0.0,0,208500,0,0.25173949087278374,True
0.05,2.0,0.8,0.1,100,True,3,0.0,0,208500,0,0.27462489913394594,True
0.05,3.0,0.8,0.0,100,True,3,0.0010503597122302158,219,208500,0,0.23015093768436962,False
0.05,3.0,0.8,0.005,100,True,3,0.0010455635491606714,218,208500,0,0.23228689385079593,False
0.05,3.0,0.8,0.01,100,True,3,0.0010407673860911271,217,208500,0,0.23571970508997023,False
0.05,3.0,0.8,0.02,100,True,3,0.0,0,208500,0,0.2425853275683189,True
0.05,3.0,0.8,0.05,100,True,3,0.0,0,208500,0,0.2631821950033648,True
0.05,3.0,0.8,0.1,100,True,3,0.0,0,208500,0,0.29751030739510803,True
0.05,4.0,0.8,0.0,100,True,3,1.4388489208633093e-05,3,208500,0,0.230599632278059,True
0.05,4.0,0.8,0.005,100,True,3,1.4388489208633093e-05,3,208500,0,0.23343116426385405,True
0.05,4.0,0.8,0.01,100,True,3,9.59232613908873e-06,2,208500,0,0.23800824591608646,True
0.05,4.0,0.8,0.02,100,True,3,0.0,0,208500,0,0.24716240922055133,True
0.05,4.0,0.8,0.05,100,True,3,0.0,0,208500,0,0.27462489913394594,True
0.05,4.0,0.8,0.1,100,True,3,0.0,0,208500,0,0.32039571565627023,True
0.05,5.0,0.8,0.0,100,True,3,0.0,0,208500,0,0.23104832687174834,True
0.05,5.0,0.8,0.005,100,True,3,0.0,0,208500,0,0.2345754346769121,True
0.05,5.0,0.8,0.01,100,True,3,0.0,0,208500,0,0.24029678674220267,True
0.05,5.0,0.8,0.02,100,True,3,0.0,0,208500,0,0.25173949087278374,True
0.05,5.0,0.8,0.05,100,True,3,0.0,0,208500,0,0.286067603264527,True
0.05,5.0,0.8,0.1,100,True,3,0.0,0,208500,0,0.3432811239174324,True
0.05,6.0,0.8,0.0,100,True,3,0.0,0,208500,0,0.23149702146543769,True
0.05,6.0,0.8,0.005,100,True,3,0.0,0,208500,0,0.23571970508997023,True
0.05,6.0,0.8,0.01,100,True,3,0.0,0,208500,0,0.2425853275683189,True
0.05,6.0,0.8,0.02,100,True,3,0.0,0,208500,0,0.25631657252501616,True
0.05,6.0,0.8,0.05,100,True,3,0.0,0,208500,0,0.29751030739510803,True
0.05,6.0,0.8,0.1,100,True,3,0.0,0,208500,0,0.3661665321785946,True
0.05,8.0,0.8,0.0,100,True,3,0.0,0,208500,0,0.23302657689788703,True
0.05,8.0,0.8,0.005,100,True,3,0.0,0,208500,0,0.23800824591608646,True
0.05,8.0,0.8,0.01,100,True,3,0.0,0,208500,0,0.24716240922055133,True
0.05,8.0,0.8,0.02,100,True,3,0.0,0,208500,0,0.26547073582948105,True
0.05,8.0,0.8,0.05,100,True,3,0.0,0,208500,0,0.32039571565627023,True
0.05,8.0,0.8,0.1,100,True,3,0.0,0,208500,0,0.41193734870091886,True
0.05,10.0,0.8,0.0,100,True,3,0.0,0,208500,0,0.23530299694735243,True
0.05,10.0,0.8,0.005,100,True,3,0.0,0,208500,0,0.24029678674220267,True
0.05,10.0,0.8,0.01,100,True,3,0.0,0,208500,0,0.25173949087278374,True
0.05,10.0,0.8,0.02,100,True,3,0.0,0,208500,0,0.27462489913394594,True
0.05,10.0,0.8,0.05,100,True,3,0.0,0,208500,0,0.3432811239174324,True
0.05,10.0,0.8,0.1,100,True,3,0.0,0,208500,0,0.4577081652232432,True
0.05,2.0,0.8,0.0,200,True,3,0.06151690821256039,12734,207000,7137,0.22956163812232513,False
0.05,2.0,0.8,0.005,200,True,3,0.06114009661835749,12656,207000,7137,0.2311406591622691,False
0.05,2.0,0.8,0.01,200,True,3,0.05463285024154589,11309,207000,5882,0.23342918054011338,False
0.05,2.0,0.8,0.02,200,True,3,0.00010628019323671498,22,207000,0,0.23800622329580187,False
0.05,2.0,0.8,0.05,200,True,3,0.0,0,207000,0,0.25173735156286736,True
0.05,2.0,0.8,0.1,200,True,3,0.0,0,207000,0,0.27462256534130985,True
0.05,3.0,0.8,0.0,200,True,3,0.03765217391304348,7794,207000,2773,0.22995030687530194,False
0.05,3.0,0.8,0.005,200,True,3,0.03753140096618358,7769,207000,2773,0.23228491985119126,False
0.05,3.0,0.8,0.01,200,True,3,0.024231884057971016,5016,207000,834,0.23571770191795763,False
0.05,3.0,0.8,0.02,200,True,3,0.0,0,207000,0,0.2425832660514904,True
0.05,3.0,0.8,0.05,200,True,3,0.0,0,207000,0,0.26317995845208864,True
0.05,3.0,0.8,0.1,200,True,3,0.0,0,207000,0,0.29750777911975235,True
0.05,4.0,0.8,0.0,200,True,3,0.006739130434782609,1395,207000,63,0.2303389756282787,False
0.05,4.0,0.8,0.005,200,True,3,0.006739130434782609,1395,207000,63,0.23342918054011338,False
0.05,4.0,0.8,0.01,200,True,3,0.00010628019323671498,22,207000,0,0.23800622329580187,False
0.05,4.0,0.8,0.02,200,True,3,0.0,0,207000,0,0.24716030880717887,True
0.05,4.0,0.8,0.05,200,True,3,0.0,0,207000,0,0.27462256534130985,True
0.05,4.0,0.8,0.1,200,True,3,0.0,0,207000,0,0.32039299289819484,True
0.05,5.0,0.8,0.0,200,True,3,1.932367149758454e-05,4,207000,0,0.2307276443812555,True
0.05,5.0,0.8,0.005,200,True,3,1.932367149758454e-05,4,207000,0,0.2345734412290355,True
0.05,5.0,0.8,0.01,200,True,3,9.66183574879227e-06,2,207000,0,0.24029474467364612,True
0.05,5.0,0.8,0.02,200,True,3,0.0,0,207000,0,0.25173735156286736,True
0.05,5.0,0.8,0.05,200,True,3,0.0,0,207000,0,0.28606517223053113,True
0.05,5.0,0.8,0.1,200,True,3,0.0,0,207000,0,0.3432782066766373,True
0.05,6.0,0.8,0.0,200,True,3,4.830917874396135e-06,1,207000,0,0.23111631313423234,True
0.05,6.0,0.8,0.005,200,True,3,4.830917874396135e-06,1,207000,0,0.23571770191795763,True
0.05,6.0,0.8,0.01,200,True,3,0.0,0,207000,0,0.2425832660514904,True
0.05,6.0,0.8,0.02,200,True,3,0.0,0,207000,0,0.25631439431855585,True
0.05,6.0,0.8,0.05,200,True,3,0.0,0,207000,0,0.29750777911975235,True
0.05,6.0,0.8,0.1,200,True,3,0.0,0,207000,0,0.3661634204550798,True
0.05,8.0,0.8,0.0,200,True,3,0.0,0,207000,0,0.23244059062413672,True
0.05,8.0,0.8,0.005,200,True,3,0.0,0,207000,0,0.23800622329580187,True
0.05,8.0,0.8,0.01,200,True,3,0.0,0,207000,0,0.24716030880717887,True
0.05,8.0,0.8,0.02,200,True,3,0.0,0,207000,0,0.2654684798299329,True
0.05,8.0,0.8,0.05,200,True,3,0.0,0,207000,0,0.32039299289819484,True
0.05,8.0,0.8,0.1,200,True,3,0.0,0,207000,0,0.4119338480119648,True
0.05,10.0,0.8,0.0,200,True,3,0.0,0,207000,0,0.23457147454615268,True
0.05,10.0,0.8,0.005,200,True,3,0.0,0,207000,0,0.24029474467364612,True
0.05,10.0,0.8,0.01,200,True,3,0.0,0,207000,0,0.25173735156286736,True
0.05,10.0,0.8,0.02,200,True,3,0.0,0,207000,0,0.27462256534130985,True
0.05,10.0,0.8,0.05,200,True,3,0.0,0,207000,0,0.3432782066766373,True
0.05,10.0,0.8,0.1,200,True,3,0.0,0,207000,0,0.45770427556884974,True
0.05,2.0,0.8,0.0,500,True,3,0.041649382716049385,8434,202500,3723,0.22955549479304188,False
0.05,2.0,0.8,0.005,500,True,3,0.041293827160493825,8362,202500,3723,0.23117041034876415,False
0.05,2.0,0.8,0.01,500,True,3,0.03998024691358025,8096,202500,3471,0.2334592262928113,False
0.05,2.0,0.8,0.02,500,True,3,3.950617283950617e-05,8,202500,0,0.23803685818090567,True
0.05,2.0,0.8,0.05,500,True,3,0.0,0,202500,0,0.2517697538451887,True
0.05,2.0,0.8,0.1,500,True,3,0.0,0,202500,0,0.27465791328566036,True
0.05,3.0,0.8,0.0,500,True,3,0.014004938271604938,2836,202500,642,0.22992988513717424,False
0.05,3.0,0.8,0.005,500,True,3,0.01388148148148148,2811,202500,642,0.23231481832078774,False
0.05,3.0,0.8,0.01,500,True,3,0.011096296296296297,2247,202500,250,0.2357480422368585,False
0.05,3.0,0.8,0.02,500,True,3,0.0,0,202500,0,0.242614490069,True
0.05,3.0,0.8,0.05,500,True,3,0.0,0,202500,0,0.26321383356542455,True
0.05,3.0,0.8,0.1,500,True,3,0.0,0,202500,0,0.29754607272613204,True
0.05,4.0,0.8,0.0,500,True,3,0.0018765432098765433,380,202500,3,0.23030427548130664,False
0.05,4.0,0.8,0.005,500,True,3,0.0018617283950617283,377,202500,3,0.2334592262928113,False
0.05,4.0,0.8,0.01,500,True,3,2.4691358024691357e-05,5,202500,0,0.23803685818090567,True
0.05,4.0,0.8,0.02,500,True,3,0.0,0,202500,0,0.24719212195709436,True
0.05,4.0,0.8,0.05,500,True,3,0.0,0,202500,0,0.27465791328566036,True
0.05,4.0,0.8,0.1,500,True,3,0.0,0,202500,0,0.32043423216660377,True
0.05,5.0,0.8,0.0,500,True,3,9.876543209876543e-06,2,202500,0,0.23067866582543897,True
0.05,5.0,0.8,0.005,500,True,3,9.876543209876543e-06,2,202500,0,0.23460363426483488,True
0.05,5.0,0.8,0.01,500,True,3,9.876543209876543e-06,2,202500,0,0.24032567412495282,True
0.05,5.0,0.8,0.02,500,True,3,0.0,0,202500,0,0.2517697538451887,True
0.05,5.0,0.8,0.05,500,True,3,0.0,0,202500,0,0.2861019930058962,True
0.05,5.0,0.8,0.1,500,True,3,0.0,0,202500,0,0.34332239160707545,True
0.05,6.0,0.8,0.0,500,True,3,4.938271604938272e-06,1,202500,0,0.23105305616957136,True
0.05,6.0,0.8,0.005,500,True,3,4.938271604938272e-06,1,202500,0,0.2357480422368585,True
0.05,6.0,0.8,0.01,500,True,3,0.0,0,202500,0,0.242614490069,True
0.05,6.0,0.8,0.02,500,True,3,0.0,0,202500,0,0.25634738573328303,True
0.05,6.0,0.8,0.05,500,True,3,0.0,0,202500,0,0.29754607272613204,True
0.05,6.0,0.8,0.1,500,True,3,0.0,0,202500,0,0.36621055104754713,True
0.05,8.0,0.8,0.0,500,True,3,0.0,0,202500,0,0.232418014592983,True
0.05,8.0,0.8,0.005,500,True,3,0.0,0,202500,0,0.23803685818090567,True
0.05,8.0,0.8,0.01,500,True,3,0.0,0,202500,0,0.24719212195709436,True
0.05,8.0,0.8,0.02,500,True,3,0.0,0,202500,0,0.2655026495094717,True
0.05,8.0,0.8,0.05,500,True,3,0.0,0,202500,0,0.32043423216660377,True
0.05,8.0,0.8,0.1,500,True,3,0.0,0,202500,0,0.4119868699284906,True
0.05,10.0,0.8,0.0,500,True,3,0.0,0,202500,0,0.23455275970907116,True
0.05,10.0,0.8,0.005,500,True,3,0.0,0,202500,0,0.24032567412495282,True
0.05,10.0,0.8,0.01,500,True,3,0.0,0,202500,0,0.2517697538451887,True
0.05,10.0,0.8,0.02,500,True,3,0.0,0,202500,0,0.27465791328566036,True
0.05,10.0,0.8,0.05,500,True,3,0.0,0,202500,0,0.34332239160707545,True
0.05,10.0,0.8,0.1,500,True,3,0.0,0,202500,0,0.45776318880943395,True
0.1,2.0,0.8,0.0,100,True,3,0.0846282973621103,17645,208500,11790,0.2294470396965958,False
0.1,2.0,0.8,0.005,100,True,3,0.0829400479616307,17293,208500,11523,0.23113011316538146,False
0.1,2.0,0.8,0.01,100,True,3,0.060071942446043164,12525,208500,6996,0.2334185301274149,False
0.1,2.0,0.8,0.02,100,True,3,0.0007002398081534773,146,208500,0,0.2379953640514819,False
0.1,2.0,0.8,0.05,100,True,3,0.0,0,208500,0,0.2517258658236827,True
0.1,2.0,0.8,0.1,100,True,3,0.0,0,208500,0,0.2746100354440176,True
0.1,3.0,0.8,0.0,100,True,3,0.07494964028776978,15627,208500,9842,0.2297881771452227,False
0.1,3.0,0.8,0.005,100,True,3,0.07184652278177459,14980,208500,9281,0.2322743216463982,False
0.1,3.0,0.8,0.01,100,True,3,0.03193285371702638,6658,208500,1906,0.2357069470894484,False
0.1,3.0,0.8,0.02,100,True,3,4.796163069544365e-06,1,208500,0,0.24257219797554885,True
0.1,3.0,0.8,0.05,100,True,3,0.0,0,208500,0,0.2631679506338502,True
0.1,3.0,0.8,0.1,100,True,3,0.0,0,208500,0,0.29749420506435237,True
0.1,4.0,0.8,0.0,100,True,3,0.06397122302158273,13338,208500,7750,0.23012931459384958,False
0.1,4.0,0.8,0.005,100,True,3,0.059750599520383696,12458,208500,6936,0.2334185301274149,False
0.1,4.0,0.8,0.01,100,True,3,0.0007002398081534773,146,208500,0,0.2379953640514819,False
0.1,4.0,0.8,0.02,100,True,3,0.0,0,208500,0,0.2471490318996158,True
0.1,4.0,0.8,0.05,100,True,3,0.0,0,208500,0,0.2746100354440176,True
0.1,4.0,0.8,0.1,100,True,3,0.0,0,208500,0,0.3203783746846871,True
0.1,5.0,0.8,0.0,100,True,3,0.05206235011990408,10855,208500,5468,0.2304704520424765,False
0.1,5.0,0.8,0.005,100,True,3,0.04703117505995204,9806,208500,4491,0.23456273860843166,False
0.1,5.0,0.8,0.01,100,True,3,9.59232613908873e-06,2,208500,0,0.24028378101351536,True
0.1,5.0,0.8,0.02,100,True,3,0.0,0,208500,0,0.2517258658236827,True
0.1,5.0,0.8,0.05,100,True,3,0.0,0,208500,0,0.2860521202541849,True
0.1,5.0,0.8,0.1,100,True,3,0.0,0,208500,0,0.34326254430502195,True
0.1,6.0,0.8,0.0,100,True,3,0.03899760191846523,8131,208500,3122,0.23081158949110334,False
0.1,6.0,0.8,0.005,100,True,3,0.03120863309352518,6507,208500,1803,0.2357069470894484,False
0.1,6.0,0.8,0.01,100,True,3,4.796163069544365e-06,1,208500,0,0.24257219797554885,True
0.1,6.0,0.8,0.02,100,True,3,0.0,0,208500,0,0.2563026997477497,True
0.1,6.0,0.8,0.05,100,True,3,0.0,0,208500,0,0.29749420506435237,True
0.1,6.0,0.8,0.1,100,True,3,0.0,0,208500,0,0.36614671392535675,True
0.1,8.0,0.8,0.0,100,True,3,0.009347721822541967,1949,208500,423,0.23199762793104747,False
0.1,8.0,0.8,0.005,100,True,3,0.0006522781774580336,136,208500,0,0.2379953640514819,False
0.1,8.0,0.8,0.01,100,True,3,0.0,0,208500,0,0.2471490318996158,True
0.1,8.0,0.8,0.02,100,True,3,0.0,0,208500,0,0.26545636759588365,True
0.1,8.0,0.8,0.05,100,True,3,0.0,0,208500,0,0.3203783746846871,True
0.1,8.0,0.8,0.1,100,True,3,0.0,0,208500,0,0.4119150531660264,True
0.1,10.0,0.8,0.0,100,True,3,0.0009784172661870504,204,208500,1,0.23405474998222822,False
0.1,10.0,0.8,0.005,100,True,3,9.59232613908873e-06,2,208500,0,0.24028378101351536,True
0.1,10.0,0.8,0.01,100,True,3,0.0,0,208500,0,0.2517258658236827,True
0.1,10.0,0.8,0.02,100,True,3,0.0,0,208500,0,0.2746100354440176,True
0.1,10.0,0.8,0.05,100,True,3,0.0,0,208500,0,0.34326254430502195,True
0.1,10.0,0.8,0.1,100,True,3,0.0,0,208500,0,0.4576833924066959,True
0.1,2.0,0.8,0.0,200,True,3,0.0787487922705314,16301,207000,10475,0.22959816583478745,False
0.1,2.0,0.8,0.005,200,True,3,0.0783671497584541,16222,207000,10475,0.23115658851769447,False
0.1,2.0,0.8,0.01,200,True,3,0.058821256038647345,12176,207000,6692,0.23344526761192907,False
0.1,2.0,0.8,0.02,200,True,3,0.0004830917874396135,100,207000,0,0.23802262580039826,False
0.1,2.0,0.8,0.05,200,True,3,0.0,0,207000,0,0.25175470036580583,True
0.1,2.0,0.8,0.1,200,True,3,0.0,0,207000,0,0.27464149130815185,True
0.1,3.0,0.8,0.0,200,True,3,0.0645024154589372,13352,207000,7736,0.2300257129981192,False
0.1,3.0,0.8,0.005,200,True,3,0.0643816425120773,13327,207000,7736,0.23230092806481178,False
0.1,3.0,0.8,0.01,200,True,3,0.029956521739130434,6201,207000,1595,0.23573394670616366,False
0.1,3.0,0.8,0.02,200,True,3,4.830917874396135e-06,1,207000,0,0.24259998398886745,True
0.1,3.0,0.8,0.05,200,True,3,0.0,0,207000,0,0.2631980958369789,True
0.1,3.0,0.8,0.1,200,True,3,0.0,0,207000,0,0.2975282822504978,True
0.1,4.0,0.8,0.0,200,True,3,0.049444444444444444,10235,207000,4910,0.2304532601614509,False
0.1,4.0,0.8,0.005,200,True,3,0.04943961352657005,10234,207000,4910,0.23344526761192907,False
0.1,4.0,0.8,0.01,200,True,3,0.0004830917874396135,100,207000,0,0.23802262580039826,False
0.1,4.0,0.8,0.02,200,True,3,0.0,0,207000,0,0.24717734217733667,True
0.1,4.0,0.8,0.05,200,True,3,0.0,0,207000,0,0.27464149130815185,True
0.1,4.0,0.8,0.1,200,True,3,0.0,0,207000,0,0.3204150731928438,True
0.1,5.0,0.8,0.0,200,True,3,0.03152173913043478,6525,207000,2086,0.23088080732478264,False
0.1,5.0,0.8,0.005,200,True,3,0.03152173913043478,6525,207000,2086,0.23458960715904636,False
0.1,5.0,0.8,0.01,200,True,3,9.66183574879227e-06,2,207000,0,0.24031130489463287,True
0.1,5.0,0.8,0.02,200,True,3,0.0,0,207000,0,0.25175470036580583,True
0.1,5.0,0.8,0.05,200,True,3,0.0,0,207000,0,0.28608488677932487,True
0.1,5.0,0.8,0.1,200,True,3,0.0,0,207000,0,0.3433018641351898,True
0.1,6.0,0.8,0.0,200,True,3,0.012091787439613526,2503,207000,395,0.23130835448811435,False
0.1,6.0,0.8,0.005,200,True,3,0.012091787439613526,2503,207000,395,0.23573394670616366,False
0.1,6.0,0.8,0.01,200,True,3,4.830917874396135e-06,1,207000,0,0.24259998398886745,True
0.1,6.0,0.8,0.02,200,True,3,0.0,0,207000,0,0.25633205855427504,True
0.1,6.0,0.8,0.05,200,True,3,0.0,0,207000,0,0.2975282822504978,True
0.1,6.0,0.8,0.1,200,True,3,0.0,0,207000,0,0.3661886550775358,True
0.1,8.0,0.8,0.0,200,True,3,0.00014492753623188405,30,207000,0,0.23227461432066324,False
0.1,8.0,0.8,0.005,200,True,3,0.00014492753623188405,30,207000,0,0.23802262580039826,False
0.1,8.0,0.8,0.01,200,True,3,0.0,0,207000,0,0.24717734217733667,True
0.1,8.0,0.8,0.02,200,True,3,0.0,0,207000,0,0.2654867749312135,True
0.1,8.0,0.8,0.05,200,True,3,0.0,0,207000,0,0.3204150731928438,True
0.1,8.0,0.8,0.1,200,True,3,0.0,0,207000,0,0.4119622369622278,True
0.1,10.0,0.8,0.0,200,True,3,4.830917874396135e-06,1,207000,0,0.23432506359339295,True
0.1,10.0,0.8,0.005,200,True,3,4.830917874396135e-06,1,207000,0,0.24031130489463287,True
0.1,10.0,0.8,0.01,200,True,3,0.0,0,207000,0,0.25175470036580583,True
0.1,10.0,0.8,0.02,200,True,3,0.0,0,207000,0,0.27464149130815185,True
0.1,10.0,0.8,0.05,200,True,3,0.0,0,207000,0,0.3433018641351898,True
0.1,10.0,0.8,0.1,200,True,3,0.0,0,207000,0,0.45773581884691983,True
0.1,2.0,0.8,0.0,500,True,3,0.0470716049382716,9532,202500,5161,0.22956388870793867,False
0.1,2.0,0.8,0.005,500,True,3,0.04663703703703704,9444,202500,5161,0.23118253812691342,False
0.1,2.0,0.8,0.01,500,True,3,0.04055308641975309,8212,202500,4046,0.23347147414797195,False
0.1,2.0,0.8,0.02,500,True,3,0.00021234567901234569,43,202500,0,0.23804934619008908,False
0.1,2.0,0.8,0.05,500,True,3,0.0,0,202500,0,0.2517829623164404,True
0.1,2.0,0.8,0.1,500,True,3,0.0,0,202500,0,0.27467232252702584,True
0.1,3.0,0.8,0.0,500,True,3,0.027590123456790124,5587,202500,2484,0.22995358102413507,False
0.1,3.0,0.8,0.005,500,True,3,0.027417283950617283,5552,202500,2484,0.2323270061374427,False
0.1,3.0,0.8,0.01,500,True,3,0.0164,3321,202500,685,0.23576041016903052,False
0.1,3.0,0.8,0.02,500,True,3,4.938271604938272e-06,1,202500,0,0.24262721823220615,True
0.1,3.0,0.8,0.05,500,True,3,0.0,0,202500,0,0.26322764242173313,True
0.1,3.0,0.8,0.1,500,True,3,0.0,0,202500,0,0.29756168273761135,True
0.1,4.0,0.8,0.0,500,True,3,0.012261728395061728,2483,202500,978,0.23034327334033147,False
0.1,4.0,0.8,0.005,500,True,3,0.012217283950617283,2474,202500,978,0.23347147414797195,False
0.1,4.0,0.8,0.01,500,True,3,0.00021234567901234569,43,202500,0,0.23804934619008908,False
0.1,4.0,0.8,0.02,500,True,3,0.0,0,202500,0,0.24720509027432325,True
0.1,4.0,0.8,0.05,500,True,3,0.0,0,202500,0,0.27467232252702584,True
0.1,4.0,0.8,0.1,500,True,3,0.0,0,202500,0,0.3204510429481968,True
0.1,5.0,0.8,0.0,500,True,3,0.00631604938271605,1279,202500,325,0.23073296565652787,False
0.1,5.0,0.8,0.005,500,True,3,0.006311111111111111,1278,202500,325,0.23461594215850123,False
0.1,5.0,0.8,0.01,500,True,3,9.876543209876543e-06,2,202500,0,0.24033828221114759,True
0.1,5.0,0.8,0.02,500,True,3,0.0,0,202500,0,0.2517829623164404,True
0.1,5.0,0.8,0.05,500,True,3,0.0,0,202500,0,0.2861170026323186,True
0.1,5.0,0.8,0.1,500,True,3,0.0,0,202500,0,0.3433404031587823,True
0.1,6.0,0.8,0.0,500,True,3,0.002069135802469136,419,202500,4,0.23112265797272427,False
0.1,6.0,0.8,0.005,500,True,3,0.002069135802469136,419,202500,4,0.23576041016903052,False
0.1,6.0,0.8,0.01,500,True,3,4.938271604938272e-06,1,202500,0,0.24262721823220615,True
0.1,6.0,0.8,0.02,500,True,3,0.0,0,202500,0,0.25636083435855744,True
0.1,6.0,0.8,0.05,500,True,3,0.0,0,202500,0,0.29756168273761135,True
0.1,6.0,0.8,0.1,500,True,3,0.0,0,202500,0,0.3662297633693678,True
0.1,8.0,0.8,0.0,500,True,3,4.938271604938272e-06,1,202500,0,0.2323335628261508,True
0.1,8.0,0.8,0.005,500,True,3,4.938271604938272e-06,1,202500,0,0.23804934619008908,True
0.1,8.0,0.8,0.01,500,True,3,0.0,0,202500,0,0.24720509027432325,True
0.1,8.0,0.8,0.02,500,True,3,0.0,0,202500,0,0.26551657844279164,True
0.1,8.0,0.8,0.05,500,True,3,0.0,0,202500,0,0.3204510429481968,True
0.1,8.0,0.8,0.1,500,True,3,0.0,0,202500,0,0.4120084837905387,True
0.1,10.0,0.8,0.0,500,True,3,4.938271604938272e-06,1,202500,0,0.2343781812410742,True
0.1,10.0,0.8,0.005,500,True,3,4.938271604938272e-06,1,202500,0,0.24033828221114759,True
0.1,10.0,0.8,0.01,500,True,3,0.0,0,202500,0,0.2517829623164404,True
0.1,10.0,0.8,0.02,500,True,3,0.0,0,202500,0,0.27467232252702584,True
0.1,10.0,0.8,0.05,500,True,3,0.0,0,202500,0,0.3433404031587823,True
0.1,10.0,0.8,0.1,500,True,3,0.0,0,202500,0,0.45778720421170976,True
